<?xml version="1.0"?>
<persons>
<person>
  <personCode>1svndr</personCode>
  <firstName>Sylvester</firstName>
  <lastName>McCoy</lastName>
  <address>
    <street>126-01 Roosevelt Ave</street>
    <city>Flushing</city>
    <state>NY</state>
    <zipCode>USA</zipCode>
    <country>11368</country>
  </address>
  <emails>
    <com.tbf.person.Email>
      <address>slyguy@hotmail.com</address>
    </com.tbf.person.Email>
    <com.tbf.person.Email>
      <address>mccoy@whofan.com</address>
    </com.tbf.person.Email>
  </emails>
</person>
<com.tbf.person.ExpertBroker>
  <personCode>aef1</personCode>
  <firstName>Gordon</firstName>
  <lastName>Gekko</lastName>
  <address>
    <street>1 Wall Street</street>
    <city>New York</city>
    <state>NY</state>
    <zipCode>USA</zipCode>
    <country>10005-0012</country>
  </address>
  <emails/>
  <secCode>sec001</secCode>
</com.tbf.person.ExpertBroker>
<com.tbf.person.ExpertBroker>
  <personCode>321na</personCode>
  <firstName>Jon</firstName>
  <lastName>Pertwee</lastName>
  <address>
    <street>301 Front St W</street>
    <city>Toronto</city>
    <state>ON</state>
    <zipCode>Canada</zipCode>
    <country>M5V 2T6</country>
  </address>
  <emails>
    <com.tbf.person.Email>
      <address>jpet@whofan.com</address>
    </com.tbf.person.Email>
  </emails>
  <secCode>sec125</secCode>
</com.tbf.person.ExpertBroker>
<person>
  <personCode>NUID</personCode>
  <firstName>Tommy</firstName>
  <lastName>Frazier</lastName>
  <address>
    <street>6700 Vine St</street>
    <city>Lincoln</city>
    <state>NE</state>
    <zipCode>USA</zipCode>
    <country>68505</country>
  </address>
  <emails>
    <com.tbf.person.Email>
      <address>tommy.frazier@unl.edu</address>
    </com.tbf.person.Email>
    <com.tbf.person.Email>
      <address>tpayne@history.gov</address>
    </com.tbf.person.Email>
  </emails>
</person>
<person>
  <personCode>ma12</personCode>
  <firstName>Dale</firstName>
  <lastName>Sveum</lastName>
  <address>
    <street>1060 West Addison Street</street>
    <city>Chicago</city>
    <state>IL</state>
    <zipCode>USA</zipCode>
    <country>60613</country>
  </address>
  <emails>
    <com.tbf.person.Email>
      <address>sveum@cubs.com</address>
    </com.tbf.person.Email>
  </emails>
</person>
<person>
  <personCode>doc05</personCode>
  <firstName>Peter</firstName>
  <lastName>Davison</lastName>
  <address>
    <street>23450 Cabo San Lucas</street>
    <city>Los Cabos</city>
    <state>BCS</state>
    <zipCode>Mexico</zipCode>
    <country></country>
  </address>
  <emails/>
</person>
<com.tbf.person.JuniorBroker>
  <personCode>kd93n</personCode>
  <firstName>Joe</firstName>
  <lastName>Johnson</lastName>
  <address>
    <street>35 Main Street</street>
    <city>Springfield</city>
    <state>IL</state>
    <zipCode>USA</zipCode>
    <country>62702</country>
  </address>
  <emails>
    <com.tbf.person.Email>
      <address>jjohnson@somewhere.com</address>
    </com.tbf.person.Email>
    <com.tbf.person.Email>
      <address>averagejoe@someplace.com</address>
    </com.tbf.person.Email>
  </emails>
  <secCode>sec928</secCode>
</com.tbf.person.JuniorBroker>
<person>
  <personCode>321nd</personCode>
  <firstName>William</firstName>
  <lastName>Hartnell</lastName>
  <address>
    <street>1060 West Addison Street</street>
    <city>Chicago</city>
    <state>IL</state>
    <zipCode>USA</zipCode>
    <country>60613</country>
  </address>
  <emails>
    <com.tbf.person.Email>
      <address>whartnell@doctors.com</address>
    </com.tbf.person.Email>
    <com.tbf.person.Email>
      <address>dr@who.com</address>
    </com.tbf.person.Email>
  </emails>
</person>
<com.tbf.person.ExpertBroker>
  <personCode>231</personCode>
  <firstName>Tom</firstName>
  <lastName>Baker</lastName>
  <address>
    <street>1 Blue Jays Way</street>
    <city>Toronto</city>
    <state>ON</state>
    <zipCode>Canada</zipCode>
    <country>M5V 1J1</country>
  </address>
  <emails>
    <com.tbf.person.Email>
      <address>famousdoc@who.com</address>
    </com.tbf.person.Email>
    <com.tbf.person.Email>
      <address>tbaker@cse.unl.edu</address>
    </com.tbf.person.Email>
    <com.tbf.person.Email>
      <address>mostfamous@whovian.com</address>
    </com.tbf.person.Email>
    <com.tbf.person.Email>
      <address>thedoctor@bbc.com</address>
    </com.tbf.person.Email>
  </emails>
  <secCode>sec221</secCode>
</com.tbf.person.ExpertBroker>
<person>
  <personCode>944c</personCode>
  <firstName>Starlin</firstName>
  <lastName>Castro</lastName>
  <address>
    <street>1060 West Addison Street</street>
    <city>Chicago</city>
    <state>IL</state>
    <zipCode>USA</zipCode>
    <country>60613</country>
  </address>
  <emails>
    <com.tbf.person.Email>
      <address>scastro@cubs.com</address>
    </com.tbf.person.Email>
    <com.tbf.person.Email>
      <address>starlin_castro13@gmail.com</address>
    </com.tbf.person.Email>
  </emails>
</person>
<person>
  <personCode>ej556</personCode>
  <firstName>George Sr.</firstName>
  <lastName>Bush</lastName>
  <address>
    <street>999 1st St</street>
    <city>Chicago</city>
    <state>IL</state>
    <zipCode>USA</zipCode>
    <country>23452</country>
  </address>
  <emails>
    <com.tbf.person.Email>
      <address>     george@bush.com</address>
    </com.tbf.person.Email>
    <com.tbf.person.Email>
      <address> bush@whitehouse.com</address>
    </com.tbf.person.Email>
    <com.tbf.person.Email>
      <address> bush@taxas.gov</address>
    </com.tbf.person.Email>
  </emails>
</person>
<person>
  <personCode>1234a</personCode>
  <firstName>John</firstName>
  <lastName>Alden</lastName>
  <address>
    <street>1243 West O Street</street>
    <city>Lincoln</city>
    <state>NE</state>
    <zipCode>USA</zipCode>
    <country>68415</country>
  </address>
  <emails>
    <com.tbf.person.Email>
      <address>aj@gmail.com</address>
    </com.tbf.person.Email>
  </emails>
</person>
<person>
  <personCode>usp12</personCode>
  <firstName>Sim</firstName>
  <lastName>John</lastName>
  <address>
    <street>142 Drive</street>
    <city>Shanghai</city>
    <state></state>
    <zipCode>China</zipCode>
    <country>200012</country>
  </address>
  <emails>
    <com.tbf.person.Email>
      <address>123@gwoo.com</address>
    </com.tbf.person.Email>
  </emails>
</person>
<person>
  <personCode>2PAC</personCode>
  <firstName>Trey</firstName>
  <lastName>Shakura</lastName>
  <address>
    <street>123 N 1st Street</street>
    <city>Compton</city>
    <state>CA</state>
    <zipCode>USA</zipCode>
    <country>90210</country>
  </address>
  <emails/>
</person>
<person>
  <personCode>nf32a</personCode>
  <firstName>Patrick</firstName>
  <lastName>Troughton</lastName>
  <address>
    <street>1060 West Addison Street</street>
    <city>Chicago</city>
    <state>IL</state>
    <zipCode>USA</zipCode>
    <country>60613</country>
  </address>
  <emails>
    <com.tbf.person.Email>
      <address>ptroug@cse.unl.edu</address>
    </com.tbf.person.Email>
    <com.tbf.person.Email>
      <address>ptrou32@unl.edu</address>
    </com.tbf.person.Email>
  </emails>
</person>
<person>
  <personCode>8008</personCode>
  <firstName>Conan</firstName>
  <lastName>O&apos;Brien</lastName>
  <address>
    <street>123 Madison Ave</street>
    <city>New York</city>
    <state>NY</state>
    <zipCode>USA</zipCode>
    <country>10005</country>
  </address>
  <emails/>
</person>
<person>
  <personCode>306a</personCode>
  <firstName>Brock</firstName>
  <lastName>Sampson</lastName>
  <address>
    <street>123 N 1st Street</street>
    <city>Omaha</city>
    <state>NE</state>
    <zipCode>USA</zipCode>
    <country>68116</country>
  </address>
  <emails>
    <com.tbf.person.Email>
      <address>brock_f_sampson@gmail.com</address>
    </com.tbf.person.Email>
    <com.tbf.person.Email>
      <address>bsampson@venture.com</address>
    </com.tbf.person.Email>
  </emails>
</person>
<person>
  <personCode>2kj3o</personCode>
  <firstName>Douglas</firstName>
  <lastName>Falcon</lastName>
  <address>
    <street>500 Areo Drive</street>
    <city>Port Town</city>
    <state>CA</state>
    <zipCode>USA</zipCode>
    <country>90010</country>
  </address>
  <emails>
    <com.tbf.person.Email>
      <address>cfalcon@fzero.com</address>
    </com.tbf.person.Email>
  </emails>
</person>
<com.tbf.person.JuniorBroker>
  <personCode>321dr</personCode>
  <firstName>C.</firstName>
  <lastName>Baker</lastName>
  <address>
    <street>Avery Hall</street>
    <city>Lincoln</city>
    <state>NE</state>
    <zipCode>USA</zipCode>
    <country>68503</country>
  </address>
  <emails>
    <com.tbf.person.Email>
      <address>dr@baker.com</address>
    </com.tbf.person.Email>
  </emails>
  <secCode>sec543</secCode>
</com.tbf.person.JuniorBroker>
<com.tbf.person.JuniorBroker>
  <personCode>URAD</personCode>
  <firstName>Fox</firstName>
  <lastName>Mulder</lastName>
  <address>
    <street>935 Pennsylvania Ave NW</street>
    <city>Washington DC</city>
    <state>DC</state>
    <zipCode>USA</zipCode>
    <country>20535</country>
  </address>
  <emails>
    <com.tbf.person.Email>
      <address>spooky@fbi.gov</address>
    </com.tbf.person.Email>
    <com.tbf.person.Email>
      <address>iwnt2bleve@yahoo.com</address>
    </com.tbf.person.Email>
  </emails>
  <secCode>sec530</secCode>
</com.tbf.person.JuniorBroker>
<com.tbf.person.ExpertBroker>
  <personCode>L337</personCode>
  <firstName>Jeff</firstName>
  <lastName>Gordon</lastName>
  <address>
    <street>123 Talledega Road</street>
    <city>Tallahasse</city>
    <state>TN</state>
    <zipCode>USA</zipCode>
    <country>34345</country>
  </address>
  <emails/>
  <secCode>sec007</secCode>
</com.tbf.person.ExpertBroker>
<person>
  <personCode>wrddoc</personCode>
  <firstName>Matt</firstName>
  <lastName>Smith</lastName>
  <address>
    <street>333 W 35th St</street>
    <city>Chicago</city>
    <state>IL</state>
    <zipCode>USA</zipCode>
    <country>60616</country>
  </address>
  <emails>
    <com.tbf.person.Email>
      <address>msmith@who.com</address>
    </com.tbf.person.Email>
    <com.tbf.person.Email>
      <address>thedoc@cse.unl.edu</address>
    </com.tbf.person.Email>
  </emails>
</person>
<person>
  <personCode>34tas8</personCode>
  <firstName>Roam</firstName>
  <lastName>Jenny</lastName>
  <address>
    <street>521 Adam Street</street>
    <city>Omaha</city>
    <state>NE</state>
    <zipCode>USA</zipCode>
    <country>68471</country>
  </address>
  <emails>
    <com.tbf.person.Email>
      <address>jr1834@hotmail.com</address>
    </com.tbf.person.Email>
  </emails>
</person>
<com.tbf.person.ExpertBroker>
  <personCode>123lst</personCode>
  <firstName>Paul</firstName>
  <lastName>McGann</lastName>
  <address>
    <street>1 MetLife Stadium Dr</street>
    <city>East Rutherford</city>
    <state>NJ</state>
    <zipCode>USA</zipCode>
    <country>07073</country>
  </address>
  <emails>
    <com.tbf.person.Email>
      <address>pmcgann@mlb.com</address>
    </com.tbf.person.Email>
    <com.tbf.person.Email>
      <address>foo@bar.com</address>
    </com.tbf.person.Email>
    <com.tbf.person.Email>
      <address>pmc@unl.edu</address>
    </com.tbf.person.Email>
  </emails>
  <secCode>sec31x</secCode>
</com.tbf.person.ExpertBroker>
<person>
  <personCode>ej6h65e</personCode>
  <firstName>Ronald</firstName>
  <lastName>Regant</lastName>
  <address>
    <street>1 Maple Leave St</street>
    <city>Ottowa</city>
    <state>Ontario</state>
    <zipCode>Canada</zipCode>
    <country>M5V 1G3</country>
  </address>
  <emails>
    <com.tbf.person.Email>
      <address>;</address>
    </com.tbf.person.Email>
  </emails>
</person>
<person>
  <personCode>mar59</personCode>
  <firstName>Chrik</firstName>
  <lastName>Waston</lastName>
  <address>
    <street>321 Lemon Street</street>
    <city>New York</city>
    <state>NY</state>
    <zipCode>USA</zipCode>
    <country>10012</country>
  </address>
  <emails>
    <com.tbf.person.Email>
      <address>wc345@gmail.com</address>
    </com.tbf.person.Email>
    <com.tbf.person.Email>
      <address>wc345@who.com</address>
    </com.tbf.person.Email>
  </emails>
</person>
<person>
  <personCode>qwer4</personCode>
  <firstName>Cherry</firstName>
  <lastName>Brittany</lastName>
  <address>
    <street>1478 Maple Dr.</street>
    <city>Ogalalla</city>
    <state>NE</state>
    <zipCode>USA</zipCode>
    <country>68501</country>
  </address>
  <emails/>
</person>
<com.tbf.person.JuniorBroker>
  <personCode>nwdoc1</personCode>
  <firstName>Chris</firstName>
  <lastName>Eccleston</lastName>
  <address>
    <street>1 E 161st St</street>
    <city>Bronx</city>
    <state>NY</state>
    <zipCode>USA</zipCode>
    <country>10451</country>
  </address>
  <emails>
    <com.tbf.person.Email>
      <address>newguy@whovian.com</address>
    </com.tbf.person.Email>
  </emails>
  <secCode>sec953</secCode>
</com.tbf.person.JuniorBroker>
<person>
  <personCode>sus12</personCode>
  <firstName>Lee</firstName>
  <lastName>Adam</lastName>
  <address>
    <street>511 Avery Hall</street>
    <city>Denver</city>
    <state>CO</state>
    <zipCode>USA</zipCode>
    <country>14520</country>
  </address>
  <emails/>
</person>
<person>
  <personCode>2ndbestd</personCode>
  <firstName>David</firstName>
  <lastName>Tennant</lastName>
  <address>
    <street>700 E Grand Ave</street>
    <city>Chicago</city>
    <state>IL</state>
    <zipCode>USA</zipCode>
    <country>60611</country>
  </address>
  <emails>
    <com.tbf.person.Email>
      <address>actor@shakespeare.com</address>
    </com.tbf.person.Email>
    <com.tbf.person.Email>
      <address>tdavid@unl.edu</address>
    </com.tbf.person.Email>
  </emails>
</person>
<com.tbf.person.ExpertBroker>
  <personCode>NTAC</personCode>
  <firstName>Tommy</firstName>
  <lastName>Tutone</lastName>
  <address>
    <street>1017 BlueJay Way</street>
    <city>London</city>
    <state>DA</state>
    <zipCode>England</zipCode>
    <country>070708</country>
  </address>
  <emails>
    <com.tbf.person.Email>
      <address>damnu@tommytutone.edu</address>
    </com.tbf.person.Email>
    <com.tbf.person.Email>
      <address>gummybears@myspace.com</address>
    </com.tbf.person.Email>
  </emails>
  <secCode>sec867</secCode>
</com.tbf.person.ExpertBroker>
<com.tbf.person.ExpertBroker>
  <personCode>pautw87st</personCode>
  <firstName>Hunter</firstName>
  <lastName>David</lastName>
  <address>
    <street>4789 Lake Street</street>
    <city>Chicago</city>
    <state>IL</state>
    <zipCode>USA</zipCode>
    <country>60123</country>
  </address>
  <emails>
    <com.tbf.person.Email>
      <address>davidhunter@yahoo.com</address>
    </com.tbf.person.Email>
    <com.tbf.person.Email>
      <address>dv123@who.com</address>
    </com.tbf.person.Email>
  </emails>
  <secCode>sec856</secCode>
</com.tbf.person.ExpertBroker>
<person>
  <personCode>0102</personCode>
  <firstName>Fidel</firstName>
  <lastName>Castro</lastName>
  <address>
    <street>123 Madison Avenue</street>
    <city>Bodega</city>
    <state>NL</state>
    <zipCode>CUBA</zipCode>
    <country></country>
  </address>
  <emails>
    <com.tbf.person.Email>
      <address>fcastro@socialist.gov</address>
    </com.tbf.person.Email>
  </emails>
</person>
<com.tbf.person.ExpertBroker>
  <personCode>0fi323</personCode>
  <firstName>Light</firstName>
  <lastName>Yagami</lastName>
  <address>
    <street>123 Tsune kuni</street>
    <city>Hamamatsu City</city>
    <state>Toyama Prefecture</state>
    <zipCode>Japan</zipCode>
    <country></country>
  </address>
  <emails/>
  <secCode>sec385</secCode>
</com.tbf.person.ExpertBroker>
<person>
  <personCode>bbchar</personCode>
  <firstName>Kaylee</firstName>
  <lastName>Ehrmantraut</lastName>
  <address>
    <street>800 West 7th Street</street>
    <city>Albuquerque</city>
    <state>NM</state>
    <zipCode>USA</zipCode>
    <country>87105</country>
  </address>
  <emails/>
</person>
<com.tbf.person.JuniorBroker>
  <personCode>6doc</personCode>
  <firstName>Richard</firstName>
  <lastName>Hurndall</lastName>
  <address>
    <street>Campos El290</street>
    <city>Mexico City</city>
    <state>FD</state>
    <zipCode>Mexico</zipCode>
    <country></country>
  </address>
  <emails>
    <com.tbf.person.Email>
      <address>rhurndall@cse.unl.edu</address>
    </com.tbf.person.Email>
    <com.tbf.person.Email>
      <address>richard@unl.edu</address>
    </com.tbf.person.Email>
  </emails>
  <secCode>sec982</secCode>
</com.tbf.person.JuniorBroker>
<com.tbf.person.ExpertBroker>
  <personCode>h6455ey</personCode>
  <firstName>Bill</firstName>
  <lastName>Clinton</lastName>
  <address>
    <street>6453 3nd</street>
    <city>High St</city>
    <state>Lincoln</state>
    <zipCode>12122,USA</zipCode>
    <country>NE</country>
  </address>
  <emails>
    <com.tbf.person.Email>
      <address>;</address>
    </com.tbf.person.Email>
  </emails>
  <secCode>sec232</secCode>
</com.tbf.person.ExpertBroker>
<com.tbf.person.JuniorBroker>
  <personCode>23fs</personCode>
  <firstName>Carter</firstName>
  <lastName>Jimmy</lastName>
  <address>
    <street>123 Math Drive</street>
    <city>Omaha</city>
    <state>NE</state>
    <zipCode>USA</zipCode>
    <country>11111</country>
  </address>
  <emails>
    <com.tbf.person.Email>
      <address>jimmy@carter.com</address>
    </com.tbf.person.Email>
  </emails>
  <secCode>sec532</secCode>
</com.tbf.person.JuniorBroker>
<com.tbf.person.JuniorBroker>
  <personCode>wsy62</personCode>
  <firstName>Adison</firstName>
  <lastName>Tom</lastName>
  <address>
    <street>7814 Jordan Street</street>
    <city>Denver</city>
    <state>CO</state>
    <zipCode>USA</zipCode>
    <country>65203</country>
  </address>
  <emails>
    <com.tbf.person.Email>
      <address>tadison@unl.edu</address>
    </com.tbf.person.Email>
  </emails>
  <secCode>sec123</secCode>
</com.tbf.person.JuniorBroker>
<com.tbf.person.JuniorBroker>
  <personCode>M1LF</personCode>
  <firstName>Barry</firstName>
  <lastName>White</lastName>
  <address>
    <street>321 Bronx Street</street>
    <city>New York</city>
    <state>NY</state>
    <zipCode>USA</zipCode>
    <country>10004</country>
  </address>
  <emails>
    <com.tbf.person.Email>
      <address>takeoffthatbraziermydear@thisisbarry.edu</address>
    </com.tbf.person.Email>
  </emails>
  <secCode>sec666</secCode>
</com.tbf.person.JuniorBroker>
<person>
  <personCode>23fre</personCode>
  <firstName>Smith</firstName>
  <lastName>Bob</lastName>
  <address>
    <street>123 Bob Drive</street>
    <city>Seattle</city>
    <state>NE</state>
    <zipCode>USA</zipCode>
    <country>23432</country>
  </address>
  <emails>
    <com.tbf.person.Email>
      <address>bobsmith2343@gmail.com</address>
    </com.tbf.person.Email>
  </emails>
</person>
<com.tbf.person.JuniorBroker>
  <personCode>2h54gw</personCode>
  <firstName>Barak</firstName>
  <lastName>Obama</lastName>
  <address>
    <street>23432 Madison Ave</street>
    <city>New York</city>
    <state>NY</state>
    <zipCode>USA</zipCode>
    <country>23432</country>
  </address>
  <emails>
    <com.tbf.person.Email>
      <address>barak@obama.com</address>
    </com.tbf.person.Email>
  </emails>
  <secCode>sec111</secCode>
</com.tbf.person.JuniorBroker>
<com.tbf.person.JuniorBroker>
  <personCode>twuox2</personCode>
  <firstName>Smiths</firstName>
  <lastName>Peter</lastName>
  <address>
    <street>1596 Apple Street</street>
    <city>Flushing</city>
    <state>NY</state>
    <zipCode>USA</zipCode>
    <country>10451</country>
  </address>
  <emails>
    <com.tbf.person.Email>
      <address>ps1991@huskers.unl.edu</address>
    </com.tbf.person.Email>
    <com.tbf.person.Email>
      <address>ps1991@gmail.com</address>
    </com.tbf.person.Email>
  </emails>
  <secCode>sec290</secCode>
</com.tbf.person.JuniorBroker>
<person>
  <personCode>weo123</personCode>
  <firstName>Wang</firstName>
  <lastName>Wei</lastName>
  <address>
    <street>478 A street</street>
    <city>Boston</city>
    <state>MA</state>
    <zipCode>USA</zipCode>
    <country>47891</country>
  </address>
  <emails>
    <com.tbf.person.Email>
      <address>wweiz2@gmail.com</address>
    </com.tbf.person.Email>
  </emails>
</person>
<com.tbf.person.JuniorBroker>
  <personCode>321f</personCode>
  <firstName>Bud</firstName>
  <lastName>Fox</lastName>
  <address>
    <street>321 Bronx Street</street>
    <city>New York</city>
    <state>NY</state>
    <zipCode>USA</zipCode>
    <country>10004</country>
  </address>
  <emails>
    <com.tbf.person.Email>
      <address>bfox@gmail.com</address>
    </com.tbf.person.Email>
    <com.tbf.person.Email>
      <address>csheen@crazy.net</address>
    </com.tbf.person.Email>
  </emails>
  <secCode>sec991</secCode>
</com.tbf.person.JuniorBroker>
<person>
  <personCode>wetet23</personCode>
  <firstName>John</firstName>
  <lastName>Frank</lastName>
  <address>
    <street>124 Hello world Dr.</street>
    <city>Mccook</city>
    <state>NE</state>
    <zipCode>USA</zipCode>
    <country>57814</country>
  </address>
  <emails>
    <com.tbf.person.Email>
      <address>fj2@zoo.com</address>
    </com.tbf.person.Email>
  </emails>
</person>
<person>
  <personCode>2342</personCode>
  <firstName>Miles</firstName>
  <lastName>O&apos;Brien</lastName>
  <address>
    <street>123 Friendly Street</street>
    <city>Ottawa</city>
    <state>ON</state>
    <zipCode>Canada</zipCode>
    <country>K1A 0G9</country>
  </address>
  <emails/>
</person>
<person>
  <personCode>2h45</personCode>
  <firstName>George</firstName>
  <lastName>Bush</lastName>
  <address>
    <street>111 1st St</street>
    <city>Toronto</city>
    <state>NE</state>
    <zipCode>USA</zipCode>
    <country>23125</country>
  </address>
  <emails>
    <com.tbf.person.Email>
      <address>george@bush.com</address>
    </com.tbf.person.Email>
  </emails>
</person>
<com.tbf.person.ExpertBroker>
  <personCode>vtw9io</personCode>
  <firstName>Paul</firstName>
  <lastName>Tony</lastName>
  <address>
    <street>2314 North 18th Street</street>
    <city>Kansas City</city>
    <state>KS</state>
    <zipCode>USA</zipCode>
    <country>54723</country>
  </address>
  <emails>
    <com.tbf.person.Email>
      <address>tpaul@who.com</address>
    </com.tbf.person.Email>
  </emails>
  <secCode>sec963</secCode>
</com.tbf.person.ExpertBroker>
<com.tbf.person.JuniorBroker>
  <personCode>xc908iy</personCode>
  <firstName>Frank</firstName>
  <lastName>Gorge</lastName>
  <address>
    <street>478 South 87th Street</street>
    <city>Grand Island</city>
    <state>NE</state>
    <zipCode>USA</zipCode>
    <country>64789</country>
  </address>
  <emails>
    <com.tbf.person.Email>
      <address>gfrank001@huskers.unl.edu</address>
    </com.tbf.person.Email>
  </emails>
  <secCode>sec324</secCode>
</com.tbf.person.JuniorBroker>
<com.tbf.person.ExpertBroker>
  <personCode>r3wo12s</personCode>
  <firstName>Mike</firstName>
  <lastName>Ellen</lastName>
  <address>
    <street>489 Grand Street</street>
    <city>Boston</city>
    <state>MA</state>
    <zipCode>USA</zipCode>
    <country>14258</country>
  </address>
  <emails>
    <com.tbf.person.Email>
      <address>emike@hotmail.com</address>
    </com.tbf.person.Email>
    <com.tbf.person.Email>
      <address>emike2@yahoo.com</address>
    </com.tbf.person.Email>
  </emails>
  <secCode>sec781</secCode>
</com.tbf.person.ExpertBroker>
<person>
  <personCode>ANY1</personCode>
  <firstName>Ice</firstName>
  <lastName>Cube</lastName>
  <address>
    <street>124 Easy Street</street>
    <city>Detroit</city>
    <state>MI</state>
    <zipCode>USA</zipCode>
    <country>48202</country>
  </address>
  <emails>
    <com.tbf.person.Email>
      <address>ezpleazin@iamnotvanillaicethanks.net</address>
    </com.tbf.person.Email>
    <com.tbf.person.Email>
      <address>neverforgetthatiamnotvanillaice@jokesonyou.edu</address>
    </com.tbf.person.Email>
  </emails>
</person>
<person>
  <personCode>dot105</personCode>
  <firstName>Peter</firstName>
  <lastName>Davison</lastName>
  <address>
    <street>123 Cabo San Lucas</street>
    <city>Los</city>
    <state>BS</state>
    <zipCode>Mexico</zipCode>
    <country></country>
  </address>
  <emails/>
</person>
<person>
  <personCode>LEAF</personCode>
  <firstName>Walter</firstName>
  <lastName>White</lastName>
  <address>
    <street>100 W Fake Street</street>
    <city>Albaquerque</city>
    <state>NM</state>
    <zipCode>USA</zipCode>
    <country>80706</country>
  </address>
  <emails>
    <com.tbf.person.Email>
      <address>heisenburg@savewalter.com</address>
    </com.tbf.person.Email>
  </emails>
</person>
</persons>
